color,Amp,method,ra_in,dec_in,H0_fit,delta_H0_fit,ra_fit,dec_fit
blue,5,clustering,270.0,-29.999999999999996,70.90859165492961,4.808202466081753,-1.6450099020258868,-0.5844386634392063
blue,5,clustering,270.0,-29.999999999999996,70.84788328766837,-4.760488327404186,1.5256797980030297,0.5351562296820606
blue,5,clustering,270.0,-29.999999999999996,70.83469622346082,4.836236339742433,-1.5551676418055034,-0.5170833150031319
blue,5,clustering,270.0,-29.999999999999996,70.70064481510883,4.588140017115396,-1.5369680397689482,-0.48693400456652514
blue,5,clustering,270.0,-29.999999999999996,70.85790422001546,5.106467557191704,-1.562981632920721,-0.5282038593568215
blue,5,clustering,270.0,-29.999999999999996,70.8340814766556,5.219252868237058,-1.6391908016636925,-0.5572211321640603
blue,5,clustering,270.0,-29.999999999999996,70.87478713991197,4.790798057038872,-1.5924618190190476,-0.5079552055834261
blue,5,clustering,270.0,-29.999999999999996,71.02373945981591,-5.1529438947361745,1.5076682769455918,0.5911412268249588
blue,5,clustering,270.0,-29.999999999999996,70.96855574003729,-5.130238731397121,1.5519635367101048,0.5805778833524688
blue,5,clustering,270.0,-29.999999999999996,70.89179041068829,-4.887472748472602,1.4764488823358537,0.6123176647095048
green,5,clustering,59.99999999999999,-60.00000000000001,72.0831445560821,5.436302618534291,1.191243305210041,-1.0480051367181147
green,5,clustering,59.99999999999999,-60.00000000000001,71.92324945610474,5.113543656922833,1.1410256479611496,-1.0295845696392227
green,5,clustering,59.99999999999999,-60.00000000000001,71.88816686105366,5.048284200848289,1.030113863752494,-1.026853583383191
green,5,clustering,59.99999999999999,-60.00000000000001,71.76226974207431,4.968558239190592,1.0349603943876626,-0.9745066301920808
green,5,clustering,59.99999999999999,-60.00000000000001,71.82736014532323,5.088969620939102,1.0133159366785673,-1.0828864583015811
green,5,clustering,59.99999999999999,-60.00000000000001,72.12652249360242,5.355638408276356,1.1131756003594413,-1.1265322220146814
green,5,clustering,59.99999999999999,-60.00000000000001,71.83833532443391,5.023014900931808,1.0883475268418807,-1.0318775511609992
green,5,clustering,59.99999999999999,-60.00000000000001,72.13994964724517,5.564438769126567,1.1446320408307638,-1.1137113025562273
green,5,clustering,59.99999999999999,-60.00000000000001,72.06261616237678,5.334924334382397,1.0705986236657057,-1.0960030973418342
green,5,clustering,59.99999999999999,-60.00000000000001,72.14677496629521,5.500221184621146,1.1977647743037925,-1.0729437742805543
c,5,clustering,36.0,45.0,68.95297152202869,4.5711708069983805,0.744744142673159,0.7449443754228732
c,5,clustering,36.0,45.0,68.84567498211347,4.667213793576232,0.7263860177340075,0.7858749751466283
c,5,clustering,36.0,45.0,68.77174298832922,4.881959286953034,0.6388323675376701,0.8009089421399538
c,5,clustering,36.0,45.0,68.71980396611437,5.069041327368687,0.6642907691443998,0.7896826006906538
c,5,clustering,36.0,45.0,68.91561203574832,4.575198527727997,0.595759743379999,0.7905967180585198
c,5,clustering,36.0,45.0,69.03726430540621,4.28077419944404,0.6485453796189785,0.7604775418713893
c,5,clustering,36.0,45.0,68.64483650069138,4.922808442548865,0.6614097863680933,0.8144502588459124
c,5,clustering,36.0,45.0,69.07871446532974,4.1741923567182,0.6925165258586151,0.7258792990423133
c,5,clustering,36.0,45.0,68.9323147374378,4.492278190189673,0.6569783781467531,0.7445181703877944
c,5,clustering,36.0,45.0,69.05066087711104,4.416080658940692,0.7283367024596015,0.7396604817830291
y,5,clustering,108.0,-330.0,69.36352217227653,-4.967892822689647,-1.2164466346684844,-0.4220050228678781
y,5,clustering,108.0,-330.0,69.18822154453107,-5.042236711925925,-1.2111896433296274,-0.485565664693274
y,5,clustering,108.0,-330.0,69.1115252437586,-4.932756856948706,-1.2513840915866314,-0.5457381267279452
y,5,clustering,108.0,-330.0,69.1671164560268,-5.115044213762754,-1.2884471647513989,-0.5475026816673488
y,5,clustering,108.0,-330.0,69.27479256030075,-4.6177897671805885,-1.2133256654401006,-0.5164596935037403
y,5,clustering,108.0,-330.0,69.47725194211534,-4.510321309990295,-1.176323330697003,-0.42763038002192016
y,5,clustering,108.0,-330.0,69.091511949443,-5.016243550430065,-1.2360797481419241,-0.5319813873024496
y,5,clustering,108.0,-330.0,69.36396103859737,-4.628745148674304,-1.1753233039762563,-0.40525527398454925
y,5,clustering,108.0,-330.0,69.32365464470035,-4.759114983423,-1.2258715333432955,-0.48082192048172395
y,5,clustering,108.0,-330.0,69.44492034213397,-4.856181508811468,-1.2001671712810342,-0.425848171637778
m,5,clustering,252.0,45.0,68.58570488955351,-4.537580700958006,1.1345546127453126,-0.7632080157388379
m,5,clustering,252.0,45.0,68.48243901592026,-4.780366252487927,1.15921715404886,-0.8039779001617118
m,5,clustering,252.0,45.0,68.4826746472162,-4.8654117609294225,1.2413194497600297,-0.801982659505195
m,5,clustering,252.0,45.0,68.45432368742584,-4.87337091275856,1.2430621065547522,-0.8587990696911213
m,5,clustering,252.0,45.0,68.61683858322438,-4.909447584329126,1.256673604454704,-0.7627883734205293
m,5,clustering,252.0,45.0,68.52192004786389,-4.8171819451677305,1.190970723353816,-0.7027282495245569
m,5,clustering,252.0,45.0,68.49459289895387,-4.932204260146723,1.207624764029247,-0.8201642349598329
m,5,clustering,252.0,45.0,68.66797248836795,-4.615433911880876,1.159611254048477,-0.6986686420263105
m,5,clustering,252.0,45.0,68.60374611098992,-4.675580495177805,1.2087417794923279,-0.7260044701913565
m,5,clustering,252.0,45.0,68.60549776431338,-4.528628819162604,1.1279301129662354,-0.7304392041565552
purple,5,clustering,324.0,72.0,68.28616673455305,4.391398435995176,-0.625638637781689,1.3266836994438556
purple,5,clustering,324.0,72.0,68.18863874568679,4.64803369021218,-0.659771124923608,1.3261712768071683
purple,5,clustering,324.0,72.0,68.18319666745273,4.777117479141428,-0.653217114187702,1.2694921605686456
purple,5,clustering,324.0,72.0,68.09682260018339,5.045689860115338,-0.5592378330543226,1.282590940524401
purple,5,clustering,324.0,72.0,68.33713210860877,4.668311297391006,-0.765697161501055,1.2358133221265732
purple,5,clustering,324.0,72.0,68.32817121902374,4.3209865743683515,-0.8806951783155853,1.2504345444626843
purple,5,clustering,324.0,72.0,68.12284742102992,4.805279564976639,-0.6941325056231543,1.2977070126386039
purple,5,clustering,324.0,72.0,68.37358741457027,4.296152687476317,-0.8396997057834088,1.2701923362600098
purple,5,clustering,324.0,72.0,68.28430625308705,4.438263690531973,-0.7154309521142337,1.2556699534158247
purple,5,clustering,324.0,72.0,68.35476092460756,4.227398970498377,-3.8817371874449846,1.8336906988998685
brown,5,clustering,0.0,0.0,70.35371928899539,4.64431828084217,0.06573855716910108,-0.07563456316313273
brown,5,clustering,0.0,0.0,70.24738354221004,4.682367421888448,0.04285212751329114,-0.02026904045122032
brown,5,clustering,0.0,0.0,70.18402068308137,4.9605990573051075,0.007155877893183722,0.012260164903157225
brown,5,clustering,0.0,0.0,70.02047027739353,5.010163311384506,0.0387257983117179,0.03598617776729021
brown,5,clustering,0.0,0.0,70.24019387505186,4.875695531148408,-0.03419700606317819,-0.036089750852428104
brown,5,clustering,0.0,0.0,70.36517677408996,4.653348423189028,-0.02177603043756104,-0.0953065684675741
brown,5,clustering,0.0,0.0,70.06635133425101,4.788402351325627,0.011436218628694388,0.008768165001064695
brown,5,clustering,0.0,0.0,70.49929245165455,4.64415642935806,0.015808940804095874,-0.13202801886792004
brown,5,clustering,0.0,0.0,70.26066696781308,4.796639202225065,0.006677886205815651,-0.07548467002671301
brown,5,clustering,0.0,0.0,70.39499684610234,4.6305498555359765,0.048544682965634814,-0.10901695468870583
pink,5,clustering,330.0,-29.999999999999996,71.1715588568249,4.762682911130753,-0.4831097921505748,-0.6129910473693262
pink,5,clustering,330.0,-29.999999999999996,71.09970657679693,4.758053552217167,-0.5050955596607257,-0.5575834755321444
pink,5,clustering,330.0,-29.999999999999996,71.09634871298888,5.015077209193628,-0.5055487978754268,-0.5266018474764251
pink,5,clustering,330.0,-29.999999999999996,70.8688639692643,4.860667898677123,-0.46908923172079864,-0.47908676288859336
pink,5,clustering,330.0,-29.999999999999996,71.05535215939162,5.102273089386641,-0.5512258877786524,-0.5451698322711095
pink,5,clustering,330.0,-29.999999999999996,71.24015674761458,5.158233504680848,-0.5860720203723726,-0.6277827762696515
pink,5,clustering,330.0,-29.999999999999996,71.00342708977507,4.852347715516859,-0.5216041163023606,-0.5282120147758235
pink,5,clustering,330.0,-29.999999999999996,71.25736450368548,4.979015842043788,-0.5417996417604287,-0.6298875984793362
pink,5,clustering,330.0,-29.999999999999996,71.13471089801261,5.024829363788403,-0.5189803435761436,-0.5830876040057638
pink,5,clustering,330.0,-29.999999999999996,71.19304987785765,4.8638564093710945,-0.5047070711731607,-0.645590982021336
orange,5,clustering,100.0,-25.0,71.24232473690176,-5.462267257560294,-1.3552159983914447,0.48000965450416944
orange,5,clustering,100.0,-25.0,71.04810304453763,-5.205593669474165,-1.3619488553784889,0.4277595626255675
orange,5,clustering,100.0,-25.0,70.97266398637196,-4.9365176099261125,-1.4090164703369923,0.4101092755241304
orange,5,clustering,100.0,-25.0,70.96716493498538,-5.053222719313811,-1.4324662288675711,0.3770495274826975
orange,5,clustering,100.0,-25.0,71.026758849875,-4.904573871720142,-1.375992558257159,0.4786486569916852
orange,5,clustering,100.0,-25.0,71.26918127651003,-5.026606331613362,-1.354902542200977,0.49877524908490317
orange,5,clustering,100.0,-25.0,70.90393128160797,-5.027624645333937,-1.397320224491393,0.3845976575585681
orange,5,clustering,100.0,-25.0,71.28434040306207,-5.336688390471135,-1.3387925902658286,0.5601376244823001
orange,5,clustering,100.0,-25.0,71.25824672462656,-5.149496898105584,-1.3759044438429686,0.5000356137369244
orange,5,clustering,100.0,-25.0,71.32382269559125,-5.39883888596315,-1.344380792291491,0.492108081937291
red,5,clustering,-135.0,-52.0,71.54249436209159,-5.185072070374987,0.6449308515720134,0.9301031132462165
red,5,clustering,-135.0,-52.0,71.42705229610685,-4.914823060753085,0.6983543449423361,0.9025481162961492
red,5,clustering,-135.0,-52.0,71.43834023110901,-4.891212124073028,0.7801221201611761,0.9165451538294018
red,5,clustering,-135.0,-52.0,71.34396519850996,-4.540190145912326,0.7566335701384909,0.9154993332186092
red,5,clustering,-135.0,-52.0,71.43056696128005,-5.141372715610028,0.812544154860339,0.9136010466283015
red,5,clustering,-135.0,-52.0,71.57801129958577,-5.459605398251117,0.7682428068639398,0.9208483849292344
red,5,clustering,-135.0,-52.0,71.48675037672834,-4.834938250125857,0.7443082603414485,0.890848866594664
red,5,clustering,-135.0,-52.0,71.61054095674724,-5.456412437463239,0.7283237032389012,0.9284285181450095
red,5,clustering,-135.0,-52.0,71.53657061074257,-5.2350494286674945,0.7463538031748242,0.9226873750999324
red,5,clustering,-135.0,-52.0,71.55609250191951,-5.339994048594453,0.6415597488246503,0.9340638730199051
blue,3,clustering,270.0,-29.999999999999996,70.65394102811489,-2.918436990027192,1.4497807803428193,0.6718947855075169
blue,3,clustering,270.0,-29.999999999999996,70.4937886343192,-2.7760733413889978,1.4852480472971805,0.546864694944969
blue,3,clustering,270.0,-29.999999999999996,70.49401248407091,2.877955031895849,-1.5593341676543344,-0.5236345859419771
blue,3,clustering,270.0,-29.999999999999996,70.37532228331743,2.612042529412951,-1.520989298543627,-0.4704801490096936
blue,3,clustering,270.0,-29.999999999999996,70.52192539650414,3.13681453218236,-1.57726890020834,-0.5326333692724435
blue,3,clustering,270.0,-29.999999999999996,70.53460314403549,-3.2523960395267655,1.4660769593636602,0.5795032425920315
blue,3,clustering,270.0,-29.999999999999996,70.49100968919554,-2.7847511688340405,1.5305089110109733,0.49935742327131627
blue,3,clustering,270.0,-29.999999999999996,70.61430794899007,-3.1537812042204934,1.4765117431040478,0.6018724278072554
blue,3,clustering,270.0,-29.999999999999996,70.55461464918497,-3.0679080983889824,1.5071335514472084,0.5940458463579119
blue,3,clustering,270.0,-29.999999999999996,70.62078775731837,-3.045204096011873,1.4129544837201167,0.6764165822222984
green,3,clustering,59.99999999999999,-60.00000000000001,71.27388278572379,3.360622310334213,1.2944865163283383,-1.0428613088331493
green,3,clustering,59.99999999999999,-60.00000000000001,71.1479961873287,3.0829310516943593,1.2171417604837664,-1.0279225382390031
green,3,clustering,59.99999999999999,-60.00000000000001,71.10767457971009,2.9884642423138867,1.0352261841172679,-1.0186428284334739
green,3,clustering,59.99999999999999,-60.00000000000001,71.00460642005626,2.936618422224902,1.0434339895705367,-0.9240491208283846
green,3,clustering,59.99999999999999,-60.00000000000001,71.10139828898971,3.0516625570831115,1.0273518417598821,-1.1162330376556167
green,3,clustering,59.99999999999999,-60.00000000000001,71.31014030787246,3.2713399726626102,1.1797049375587083,-1.168868822701962
green,3,clustering,59.99999999999999,-60.00000000000001,71.0123920331203,2.8703693296106128,1.094565442666857,-0.9848392526403257
green,3,clustering,59.99999999999999,-60.00000000000001,71.34404680875522,3.481130854547349,1.227771893680132,-1.1583995882348435
green,3,clustering,59.99999999999999,-60.00000000000001,71.28553448669119,3.3133228786580227,1.1100008043777738,-1.1312522158228178
green,3,clustering,59.99999999999999,-60.00000000000001,71.33146809921055,3.421227008779075,1.295117145589406,-1.0857155875231161
c,3,clustering,36.0,45.0,69.43713081741889,2.616482524390816,0.8256111488368283,0.6992382749865733
c,3,clustering,36.0,45.0,69.29749727891813,2.807130043328745,0.7857739767604109,0.7890454374613293
c,3,clustering,36.0,45.0,69.25479095701297,2.858429738623324,0.639350353527101,0.7801013300002164
c,3,clustering,36.0,45.0,69.18793731670941,3.1873440045408916,0.6822844465882707,0.793989066138471
c,3,clustering,36.0,45.0,69.3562470580727,2.6866335578087237,0.5703196253694505,0.7936904126849986
c,3,clustering,36.0,45.0,69.46505680934773,2.387415776338108,0.6541848384521788,0.7511274631544609
c,3,clustering,36.0,45.0,69.20498058856263,2.8408749927408827,0.6939212866230005,0.8202180792895841
c,3,clustering,36.0,45.0,69.46501550937586,2.4101760460783885,0.7145186505143202,0.716940088602712
c,3,clustering,36.0,45.0,69.370797361037,2.6689403183876275,0.6612413226624936,0.7381010068070033
c,3,clustering,36.0,45.0,69.49213559058069,2.4899304795175734,0.8021301241508065,0.6946973866848389
y,3,clustering,108.0,-330.0,69.63170034174432,-3.107078198618649,-1.1722581290558147,-0.3625066404856818
y,3,clustering,108.0,-330.0,69.51160586960556,-3.1289398218289874,-1.190064688421127,-0.46268294308546476
y,3,clustering,108.0,-330.0,69.42849160518266,-2.965643029204928,-1.2553886244024886,-0.5481963223490769
y,3,clustering,108.0,-330.0,69.4616197931216,-3.196494456790052,-1.3094774049473021,-0.5580759273237171
y,3,clustering,108.0,-330.0,69.56265613056756,-2.7160095063432452,-1.202411834441773,-0.517131635027576
y,3,clustering,108.0,-330.0,69.70409234622723,-2.7020527903055482,-1.1299171834840458,-0.37748760566082024
y,3,clustering,108.0,-330.0,69.42782001750685,-3.0960448115562325,-1.2191765619123094,-0.5347851724365564
y,3,clustering,108.0,-330.0,69.68946697787926,-2.7409035043663117,-1.1296740086451655,-0.33010871056819197
y,3,clustering,108.0,-330.0,69.66353687927369,-2.7858509686490662,-1.2035469615002476,-0.43167141787061075
y,3,clustering,108.0,-330.0,69.71889430467415,-2.979964266955587,-1.1659865758730448,-0.3650403178355994
m,3,clustering,252.0,45.0,69.18211631701756,-2.627024598788623,1.0436368981125437,-0.7495336829908537
m,3,clustering,252.0,45.0,69.07492906043515,-2.8658210130571797,1.1017889323122516,-0.8097199468414835
m,3,clustering,252.0,45.0,69.04367888844526,-2.9736832246406535,1.2429819222193943,-0.8309159591563107
m,3,clustering,252.0,45.0,69.0150655226217,-2.9730783150356404,1.253399634461673,-0.9111072751544423
m,3,clustering,252.0,45.0,69.18219445496703,-2.970329506716693,1.2526949511278511,-0.7274573989596803
m,3,clustering,252.0,45.0,69.14428039577474,-2.905749304980387,1.1589613340080835,-0.6439732828015167
m,3,clustering,252.0,45.0,69.07793483876078,-2.9819178481296453,1.1794991462900912,-0.8237383442270815
m,3,clustering,252.0,45.0,69.26232274832924,-2.7100165160339884,1.1056186214089576,-0.6280867041573891
m,3,clustering,252.0,45.0,69.15670893143927,-2.812862673430711,1.1996911559857195,-0.715075907036723
m,3,clustering,252.0,45.0,69.19975099077276,-2.6437188728745022,1.049395922057665,-0.6999602162237512
purple,3,clustering,324.0,72.0,68.9919131362258,-2.55249337650405,-0.5385052654471489,-1.758803468233854
purple,3,clustering,324.0,72.0,68.89718767187931,2.7924059250688527,-0.6278739838410885,1.3709357991351934
purple,3,clustering,324.0,72.0,68.83764491263523,3.041547145021066,-0.6055423958211604,1.2802291330043918
purple,3,clustering,324.0,72.0,68.8236193558875,3.1060518411873503,-0.422520588592134,1.2946616666325093
purple,3,clustering,324.0,72.0,68.99475464246011,2.8304876185951877,-0.827912891756236,1.2212083255565565
purple,3,clustering,324.0,72.0,69.01912399625397,2.5114716862592004,-1.0146436492070692,1.2422969165100057
purple,3,clustering,324.0,72.0,68.83656907901268,2.9628430098969667,-0.7169224536586235,1.31185147144818
purple,3,clustering,324.0,72.0,69.07052366519085,2.434461501091248,-0.9557922698392843,1.271051719333664
purple,3,clustering,324.0,72.0,69.0300520799864,2.5070500202275805,-0.7792755131148076,1.256779992822952
purple,3,clustering,324.0,72.0,69.06476067900566,-2.371635055272493,-0.7544755776389301,-1.783961189788486
brown,3,clustering,0.0,0.0,70.25606674340297,2.687674361242881,0.10861563821213398,-0.13360962114820785
brown,3,clustering,0.0,0.0,70.12963467661646,2.719696865881766,0.07794986246924107,-0.01816497096159721
brown,3,clustering,0.0,0.0,70.11827474421813,2.9554266703038237,0.005292695927960909,-0.00526093878158587
brown,3,clustering,0.0,0.0,69.96665246773577,3.041074689496622,0.062461949974383986,0.06780958635565437
brown,3,clustering,0.0,0.0,70.14702638112323,2.905394191634712,-0.05703435585403081,-0.06006019358254225
brown,3,clustering,0.0,0.0,70.29150518785131,2.6899029465794357,-0.0470302019984752,-0.19168424534303286
brown,3,clustering,0.0,0.0,70.00894136455187,2.830694538697497,0.024301825453631267,0.020941541640442575
brown,3,clustering,0.0,0.0,70.36797914005186,2.678902030159177,0.0021008301363128062,-0.24060818265013578
brown,3,clustering,0.0,0.0,70.19404521750165,2.825337439323299,0.018454166320364743,-0.12292257319884368
brown,3,clustering,0.0,0.0,70.27170992541267,2.6627074544549774,0.08809204037224311,-0.15966829220915818
pink,3,clustering,330.0,-29.999999999999996,70.73208334015483,2.7887571242456404,-0.46440094830077816,-0.674974132045722
pink,3,clustering,330.0,-29.999999999999996,70.64192750008488,2.7355526581940466,-0.49126840610766626,-0.5800023330186473
pink,3,clustering,330.0,-29.999999999999996,70.61975103404576,2.9691684403999328,-0.49966613379401903,-0.5082133877159295
pink,3,clustering,330.0,-29.999999999999996,70.49403438702271,2.8848641923840437,-0.44731558896694623,-0.46325179109318704
pink,3,clustering,330.0,-29.999999999999996,70.64563325529008,3.1017548011652165,-0.5823819136625531,-0.5673321371152764
pink,3,clustering,330.0,-29.999999999999996,70.72617511669202,3.0258104623290456,-0.623395654166987,-0.663982776043119
pink,3,clustering,330.0,-29.999999999999996,70.55048215858105,2.797754663315394,-0.5112538303078331,-0.5090192011350496
pink,3,clustering,330.0,-29.999999999999996,70.85754867723415,3.082373728052309,-0.5985543916609773,-0.6996708557043192
pink,3,clustering,330.0,-29.999999999999996,70.68270464976354,3.017471498978305,-0.5478903943168726,-0.6311878276148855
pink,3,clustering,330.0,-29.999999999999996,70.77207890555151,2.886074144135201,-0.5001154260267389,-0.7283888097008631
orange,3,clustering,100.0,-25.0,70.77269111141234,-3.420163026316593,-1.3275704351533792,0.4866590600618757
orange,3,clustering,100.0,-25.0,70.61595355675253,-3.196285215730896,-1.3379085670117987,0.41303616774895524
orange,3,clustering,100.0,-25.0,70.55564818469847,-2.9488189521641868,-1.4155691749061141,0.3961776864420066
orange,3,clustering,100.0,-25.0,70.53899434987171,3.057371920453488,1.6930711566103938,-0.33841498537928755
orange,3,clustering,100.0,-25.0,70.62695698813023,-2.906439382867747,-1.3590937925745306,0.5155108718683235
orange,3,clustering,100.0,-25.0,70.83724491961334,-3.148782015947952,-1.289730365399112,0.582773085807095
orange,3,clustering,100.0,-25.0,70.54619107334753,-3.0140319892920657,-1.3640050901478995,0.3977953100399082
orange,3,clustering,100.0,-25.0,70.81314686687578,-3.2930699724390395,-1.2868400509990494,0.5915753450470509
orange,3,clustering,100.0,-25.0,70.79069229524877,-3.141856310465418,-1.3563306221255873,0.5338430368310001
orange,3,clustering,100.0,-25.0,70.83969488559069,-3.399560000758902,-1.3089788981246506,0.5139523126067267
red,3,clustering,-135.0,-52.0,70.99128407606747,-3.2725992348044994,0.5681314359028723,0.9557449986763742
red,3,clustering,-135.0,-52.0,70.85324944088538,-2.959978569918091,0.6340744970262717,0.89947081988577
red,3,clustering,-135.0,-52.0,70.8250721406774,-2.8494037659384954,0.7893258247617438,0.9111699332748876
red,3,clustering,-135.0,-52.0,70.77545593090002,-2.6182264799829547,0.7375360953800848,0.9179393949604253
red,3,clustering,-135.0,-52.0,70.87368381910615,-3.192589558930545,0.8357933856442206,0.9058115906636376
red,3,clustering,-135.0,-52.0,71.00071068229289,-3.4675945340774383,0.7515896508384993,0.9255733746682261
red,3,clustering,-135.0,-52.0,70.84573186452897,-2.8101230439612244,0.7101158719030753,0.8734072453489048
red,3,clustering,-135.0,-52.0,71.03432429014613,-3.483629302059562,0.6816851244544571,0.9415385157320854
red,3,clustering,-135.0,-52.0,71.00927837992116,-3.2757652342425656,0.7531339112547975,0.9505640009208823
red,3,clustering,-135.0,-52.0,70.98032607924924,-3.3154293113374425,0.561280540180075,0.9491405001527602
blue,1,clustering,270.0,-29.999999999999996,70.27401933941368,-0.9834875228921964,1.0577155089841082,0.8864807908433022
blue,1,clustering,270.0,-29.999999999999996,70.16061049223514,-0.836838992927437,1.246353624493374,0.6102238249673607
blue,1,clustering,270.0,-29.999999999999996,70.14551614409342,0.9092120497187812,-1.5463802282232917,-0.49679947736520474
blue,1,clustering,270.0,-29.999999999999996,70.0637907643009,0.6717284340065477,-1.4041147449829,-0.3401816789162984
blue,1,clustering,270.0,-29.999999999999996,70.18976950752126,-1.1589857051225216,1.5365247817759151,0.5287309346194335
blue,1,clustering,270.0,-29.999999999999996,70.25902931307918,-1.3345523251256202,1.3024255109898588,0.6752608925669211
blue,1,clustering,270.0,-29.999999999999996,70.15104441321124,-0.9000801600210958,1.4112103287751188,0.4882602715918266
blue,1,clustering,270.0,-29.999999999999996,70.3169697368389,-1.2783818808195655,1.2784774858255066,0.7726712645984212
blue,1,clustering,270.0,-29.999999999999996,70.31724438977827,-1.2555951017645046,1.4114195046862485,0.7851700419842929
blue,1,clustering,270.0,-29.999999999999996,70.30466095722237,-1.125272160155569,1.0507508012998767,0.8914507127971609
green,1,clustering,59.99999999999999,-60.00000000000001,70.52285705866035,1.418227464192718,1.6572589812929357,-1.017425916857372
green,1,clustering,59.99999999999999,-60.00000000000001,70.37126294884135,1.069198020276742,1.5198745977276047,-0.9382202498895874
green,1,clustering,59.99999999999999,-60.00000000000001,70.31913276149241,0.9197604780482032,1.0211498447106777,-0.9110237366926742
green,1,clustering,59.99999999999999,-60.00000000000001,70.26753836116123,0.9432703493143568,1.0639609696357777,-0.6846751285315007
green,1,clustering,59.99999999999999,-60.00000000000001,70.3995852963526,1.0687505531474026,0.922052903447041,-1.2633323652858826
green,1,clustering,59.99999999999999,-60.00000000000001,70.56824913919306,1.3971885007922848,1.6573711435763014,-1.3627359419010583
green,1,clustering,59.99999999999999,-60.00000000000001,70.33631289275908,0.9512697948393586,1.3591848434680112,-0.9994235781874248
green,1,clustering,59.99999999999999,-60.00000000000001,70.541777739027,1.3708620830996188,1.606851210311683,-1.304104883636096
green,1,clustering,59.99999999999999,-60.00000000000001,70.48137863738143,1.2224530080083285,1.2951944022332094,-1.1963801521736215
green,1,clustering,59.99999999999999,-60.00000000000001,70.56651170420986,1.4674846179457024,1.6820446763804298,-1.1204310525080068
c,1,clustering,36.0,45.0,69.89459701792128,0.8241888199518941,1.220026610863599,0.4504370782357378
c,1,clustering,36.0,45.0,69.76077519092414,0.955176681410685,1.0859505722884841,0.7734976936282691
c,1,clustering,36.0,45.0,69.74071430306975,1.007557001917652,0.6566899042589658,0.8054991088323562
c,1,clustering,36.0,45.0,69.66239848297164,1.2954234396667987,0.7609652197420826,0.81585416347483
c,1,clustering,36.0,45.0,69.82444684851518,0.747474989572382,0.46988353260849897,0.7745446533335176
c,1,clustering,36.0,45.0,69.92767133677144,0.43466947363533814,0.7510981511848865,0.5782301800910947
c,1,clustering,36.0,45.0,69.67614520900956,1.0552738988527313,0.8120577720312683,0.9121088461276867
c,1,clustering,36.0,45.0,69.9240963744562,0.5374863770882441,0.9253925945213193,0.4869482046118873
c,1,clustering,36.0,45.0,69.87883488056343,0.6981206830288781,0.7920174761653993,0.5670917114953757
c,1,clustering,36.0,45.0,69.9522125320339,0.6528111173350837,1.2144718599607622,0.35596552331106324
y,1,clustering,108.0,-330.0,69.97006617931503,-1.21510274024375,-1.091968810920098,-0.13320343614881963
y,1,clustering,108.0,-330.0,69.82900087292876,-1.2170343933622763,-1.1110765105534874,-0.4005567881967379
y,1,clustering,108.0,-330.0,69.76365934756173,-1.0916501303127883,-1.2998618043448484,-0.6391342596922069
y,1,clustering,108.0,-330.0,69.75170438305274,-1.2793764020561451,-1.4139960431317207,-0.6295418893313686
y,1,clustering,108.0,-330.0,69.8812708810054,-0.8229162543337436,-1.0922131305930456,-0.46016536636120314
y,1,clustering,108.0,-330.0,70.0085034813401,-0.8399362776899435,-0.8605565304060435,-0.04666091845522465
y,1,clustering,108.0,-330.0,69.77740389365322,-1.1416050987295265,-1.1724807797996442,-0.5513903245610742
y,1,clustering,108.0,-330.0,70.05841318808191,-0.9445201696134344,-0.9070485325175116,0.13840066849853555
y,1,clustering,108.0,-330.0,69.91300856708321,-0.9603275216762011,-1.1425550106547628,-0.3190066614100336
y,1,clustering,108.0,-330.0,70.01669932022517,-1.1656964486976245,-1.0340367015761467,-0.06949867468074736
m,1,clustering,252.0,45.0,69.80372873420734,-0.7638136034940799,0.6538971455968294,-0.5607817696909021
m,1,clustering,252.0,45.0,69.6944299763908,-0.9335098467793109,0.7835388449209042,-0.8090558043527286
m,1,clustering,252.0,45.0,69.67096348823983,-0.992186557810511,1.2366465861640152,-0.8550317851141566
m,1,clustering,252.0,45.0,69.60472646820328,-1.0648681844929933,1.2976664157977,-1.1329690884739536
m,1,clustering,252.0,45.0,69.77097463110925,-1.0292005618347342,1.2492073268185504,-0.5318295389400404
m,1,clustering,252.0,45.0,69.83501650893527,-0.9669069754570924,1.028408714010226,-0.27022651037444323
m,1,clustering,252.0,45.0,69.66412041810523,-1.0504090973761078,1.035149952251945,-0.8553339199487999
m,1,clustering,252.0,45.0,69.88768846066094,-0.8765820468968005,0.8833543982279067,-0.19182717695347676
m,1,clustering,252.0,45.0,69.8020792792077,-0.8400103974617505,1.0513520173920747,-0.4933400497626309
m,1,clustering,252.0,45.0,69.86387828620418,-0.7835383015007016,0.6906839546348446,-0.3074770268091631
purple,1,clustering,324.0,72.0,69.75411908921386,-0.6153569293479971,-0.9052912151977899,-1.369982935770458
purple,1,clustering,324.0,72.0,69.63023480498104,-0.9103606530169972,-7.626139081313506,-1.5539525437290052
purple,1,clustering,324.0,72.0,69.64537476620968,0.9191432692642001,-0.6748408709509573,1.2568660172978987
purple,1,clustering,324.0,72.0,69.53657157174848,1.234797403019348,0.09100738751108613,1.3037626009231016
purple,1,clustering,324.0,72.0,69.69459090583742,0.8722895922845649,-1.102396790833822,1.1446707660869655
purple,1,clustering,324.0,72.0,69.7872169962029,-0.5705489347330344,1.4580847254513718,-0.9742219329165993
purple,1,clustering,324.0,72.0,69.5777633475345,-1.0503591345270358,-0.6588586467799186,-1.7167294629656333
purple,1,clustering,324.0,72.0,69.79414702980716,-0.5438713872837752,1.4031737608141468,-1.1449008185522167
purple,1,clustering,324.0,72.0,69.71294117399704,0.7341758091834056,-0.9966290785602203,1.2407710448364564
purple,1,clustering,324.0,72.0,69.81562044914877,-0.4747172609705716,-0.09796062810680191,-1.3311976516813286
brown,1,clustering,0.0,0.0,70.16820896804634,0.8133587121322623,0.39175554579373184,-0.4138198879375855
brown,1,clustering,0.0,0.0,70.03891897649608,0.7757446913234268,0.2553238284154963,-0.02792450203599202
brown,1,clustering,0.0,0.0,69.98263188480581,1.0350276794695585,0.03525188335489779,0.12077451115670887
brown,1,clustering,0.0,0.0,69.92427886257981,1.1225690058681728,0.19360453787030427,0.21278533866408736
brown,1,clustering,0.0,0.0,70.07113091847917,0.9401423066035525,-0.1650074933737363,-0.14986476466035936
brown,1,clustering,0.0,0.0,70.16163721558284,0.8127612512298192,-0.20331127076748517,-0.4798376167555463
brown,1,clustering,0.0,0.0,69.96647562808714,0.8654878163192865,0.051337501294349795,0.11185102712813319
brown,1,clustering,0.0,0.0,70.24696048951888,0.8705482603237746,-0.02513857514773394,-0.6910372614984934
brown,1,clustering,0.0,0.0,70.1172234062575,0.8996528530434379,0.01651761416635204,-0.2940292034981422
brown,1,clustering,0.0,0.0,70.25573552675593,0.8629429105765115,0.27577857727042854,-0.6844247330028892
pink,1,clustering,330.0,-29.999999999999996,70.33322612627745,0.9213662735783704,-0.261801201944233,-1.057953865567168
pink,1,clustering,330.0,-29.999999999999996,70.21742510464733,0.7673418106240565,-0.4199064565463629,-0.7492518592893809
pink,1,clustering,330.0,-29.999999999999996,70.18564274019874,0.9629831340320526,-0.474584502969989,-0.47247499106546986
pink,1,clustering,330.0,-29.999999999999996,70.09156913108176,0.8934346612477899,-0.24094062009689265,-0.2694479913333994
pink,1,clustering,330.0,-29.999999999999996,70.13136019253257,0.9673527038794731,-0.6478299477731403,-0.3879682294666461
pink,1,clustering,330.0,-29.999999999999996,70.31769241653339,1.1262445242218704,-0.88983761146568,-0.8611095179873401
pink,1,clustering,330.0,-29.999999999999996,70.1558511903515,0.812117454778135,-0.4900023386617123,-0.508281204850375
pink,1,clustering,330.0,-29.999999999999996,70.36935736966767,1.126097550358882,-0.7745517197557187,-0.9621861480473043
pink,1,clustering,330.0,-29.999999999999996,70.32135229730271,1.1139511267498077,-0.6538811213208643,-0.8632702839494354
pink,1,clustering,330.0,-29.999999999999996,70.37152860564439,1.0272316824078733,-0.4753364589031596,-1.1275216507003185
orange,1,clustering,100.0,-25.0,70.3574971525948,-1.4671055217537476,-1.197429273446354,0.5620582229271873
orange,1,clustering,100.0,-25.0,70.20176658602914,-1.2142240669320272,-1.24069160133998,0.365419848851008
orange,1,clustering,100.0,-25.0,70.1409334365565,-0.963040053386951,-1.4505178474698324,0.28589471053737003
orange,1,clustering,100.0,-25.0,70.11576370960492,1.1120019071216578,1.6126887187057684,-0.14864648927103663
orange,1,clustering,100.0,-25.0,70.23748672062476,-0.9231831086222955,-1.2804377158571472,0.6770807269124678
orange,1,clustering,100.0,-25.0,70.41710900951107,-1.2953592911174867,-1.0356681220276522,0.8317736318972881
orange,1,clustering,100.0,-25.0,70.160165956396,-1.055036104702287,-1.283016768104217,0.33160380537543643
orange,1,clustering,100.0,-25.0,70.41574804813736,-1.3935808824926466,-1.0761648939876047,0.8062802631407999
orange,1,clustering,100.0,-25.0,70.36408073027008,-1.228286915470841,-1.2361906884288751,0.7041034802057894
orange,1,clustering,100.0,-25.0,70.37236565661935,-1.4199883032509877,-1.161832471636058,0.5891677541291372
red,1,clustering,-135.0,-52.0,70.4204032203238,-1.3216715116356486,0.19476894044331844,0.9802185622924035
red,1,clustering,-135.0,-52.0,70.28072366717741,-1.0299303438870135,0.34007642947946587,0.8464290249875913
red,1,clustering,-135.0,-52.0,70.26270061756243,-0.9090729118129209,0.7498225306318488,0.9144811955868808
red,1,clustering,-135.0,-52.0,70.20555373939246,-0.6837845387424366,0.6618372403124485,0.9245331079142589
red,1,clustering,-135.0,-52.0,70.32064100840986,-1.218483798484733,0.9039963481815885,0.8773162069010761
red,1,clustering,-135.0,-52.0,70.43301909344473,-1.5489550641614764,0.680116661603767,0.9198876601454048
red,1,clustering,-135.0,-52.0,70.28335585629723,-0.9894215462462363,0.562234288344592,0.826542613317932
red,1,clustering,-135.0,-52.0,70.43375497711463,-1.441260487952991,0.5949991660148141,0.9625523648293336
red,1,clustering,-135.0,-52.0,70.36054291657862,-1.169753282490892,0.643176316647754,0.960306206425708
red,1,clustering,-135.0,-52.0,70.41529694546007,-1.3631186570300131,0.250100936887374,0.9562989367359753
blue,5,fixe,270.0,-29.999999999999996,70.66657537909114,4.432024709426893,-1.5997623278601398,-0.5347088555538431
blue,5,fixe,270.0,-29.999999999999996,70.58022851899744,4.289403430546484,-1.585576161504699,-0.44053217420784574
blue,5,fixe,270.0,-29.999999999999996,70.52907020614494,4.2884029472424094,-1.5407175683660324,-0.40650175717325804
blue,5,fixe,270.0,-29.999999999999996,70.40465448845059,4.0729798331189295,-1.5261747466600668,-0.37124025468837435
blue,5,fixe,270.0,-29.999999999999996,70.5039977726102,4.4272918476426755,-1.5559118848375684,-0.39917010483981896
blue,5,fixe,270.0,-29.999999999999996,70.6337789390711,4.596458072077256,-1.6179704095989478,-0.5528327057845449
blue,5,fixe,270.0,-29.999999999999996,70.53468358800755,4.111028409945845,-1.567991285797991,-0.41216804722721706
blue,5,fixe,270.0,-29.999999999999996,70.60938061486925,4.408366790429282,-1.621495663229359,-0.47400123916553955
blue,5,fixe,270.0,-29.999999999999996,70.41994790441557,4.277071952060235,-1.5859728645759117,-0.41657526379697724
blue,5,fixe,270.0,-29.999999999999996,70.53815229030641,4.2916290426963,-1.5975917312455843,-0.49439478022918576
green,5,fixe,59.99999999999999,-60.00000000000001,71.68643458443907,4.924476908568248,1.0991735165684897,-0.9773844001885071
green,5,fixe,59.99999999999999,-60.00000000000001,71.39011370879567,4.378890609720944,1.03883525698336,-0.8932459330817906
green,5,fixe,59.99999999999999,-60.00000000000001,71.37571039674836,4.403833715341531,0.9815155082917283,-0.8785329509941787
green,5,fixe,59.99999999999999,-60.00000000000001,71.2377170669872,4.261920089146164,0.9989710022679007,-0.7878045250879895
green,5,fixe,59.99999999999999,-60.00000000000001,71.28218221176324,4.2881766574058915,1.006656009091642,-0.8870707030815477
green,5,fixe,59.99999999999999,-60.00000000000001,71.6031511861191,4.746374199203771,1.1220049213911323,-0.9842128326620145
green,5,fixe,59.99999999999999,-60.00000000000001,71.37676823813429,4.539714496256179,1.0611063996090313,-0.8761106967151301
green,5,fixe,59.99999999999999,-60.00000000000001,71.49637407960839,4.621938220373703,1.098566075887237,-0.9671772001744225
green,5,fixe,59.99999999999999,-60.00000000000001,71.4433018581288,4.469482233443112,1.068082450837715,-0.9027585268451055
green,5,fixe,59.99999999999999,-60.00000000000001,71.50551299316528,4.71051144538669,1.1042830558998313,-0.9234775868869504
c,5,fixe,36.0,45.0,69.53595275636226,3.5760498121026414,0.7072502157025379,0.5841771583235775
c,5,fixe,36.0,45.0,69.33118167085496,4.0944749555467,0.6851551170837874,0.6796737352946725
c,5,fixe,36.0,45.0,69.31894947067713,4.129471484395701,0.6177610392997057,0.6571825827068745
c,5,fixe,36.0,45.0,69.22190674361975,4.415982605653631,0.6649828262963317,0.7101187379239251
c,5,fixe,36.0,45.0,69.28498281705637,4.101872941852253,0.6022798496421096,0.712890079830367
c,5,fixe,36.0,45.0,69.49948198881317,3.5385447097628417,0.648797492387043,0.6544069712464515
c,5,fixe,36.0,45.0,69.22395215044473,3.9707035291113835,0.6658253605174786,0.6906867873384929
c,5,fixe,36.0,45.0,69.46383969410238,3.6656524736198897,0.6752480856768893,0.6353790379208256
c,5,fixe,36.0,45.0,69.345509337199,3.9451482434669063,0.6515235432950071,0.6894619953953043
c,5,fixe,36.0,45.0,69.4629807931605,3.760499101499834,0.7068236988986109,0.6449534583033444
y,5,fixe,108.0,-330.0,69.6723055605966,-4.206330949611966,-1.1428042204959432,-0.27368334910576425
y,5,fixe,108.0,-330.0,69.40872011790468,-4.354906513376876,-16.898731992794648,-2.7448958521293845
y,5,fixe,108.0,-330.0,69.45408131349765,-4.224820968294096,-1.2319416903948697,-0.41491751382943504
y,5,fixe,108.0,-330.0,69.39187438359723,-4.4985711263383426,-1.2399899808753787,-0.4805272182200489
y,5,fixe,108.0,-330.0,69.40796408479825,-4.192649842131224,-1.1905212891614112,-0.4730800345806792
y,5,fixe,108.0,-330.0,69.67370791417886,-4.131910011118584,-1.1123650896102213,-0.31786206348944407
y,5,fixe,108.0,-330.0,69.4625994167314,-4.233771981673546,-1.1724370738122962,-0.4039036009885843
y,5,fixe,108.0,-330.0,69.55938209518297,-4.156574572039557,-1.1325577078331468,-0.31779942266502487
y,5,fixe,108.0,-330.0,69.61181196608635,-4.1598331538065185,-1.1593512626494253,-0.38248972374246343
y,5,fixe,108.0,-330.0,69.60987764702028,-4.266501228345255,-1.147844479815911,-0.3468678615880313
m,5,fixe,252.0,45.0,68.98212557764504,-4.213135026375364,1.1310024879507914,-0.5674719592424576
m,5,fixe,252.0,45.0,68.93166767472498,-4.328640186190374,1.1490219229581973,-0.6447424298925017
m,5,fixe,252.0,45.0,68.91392445376567,-4.426868021731509,1.213766214544788,-0.6635262880445745
m,5,fixe,252.0,45.0,68.8436752432165,-4.5057707793540684,1.2009911231059582,-0.7120366151470351
m,5,fixe,252.0,45.0,68.94102223320255,-4.66271550793627,1.2232301389155884,-0.6390670483382197
m,5,fixe,252.0,45.0,68.99513779636109,-4.298619254308885,1.1500271012070318,-0.5268994188514668
m,5,fixe,252.0,45.0,68.91528827755391,-4.561378132031454,1.1700472644553324,-0.6684044302301795
m,5,fixe,252.0,45.0,69.00295780309754,-4.376179259677546,1.132408132397152,-0.5833868307862438
m,5,fixe,252.0,45.0,68.8684955935146,-4.540407730646269,1.1759176440585712,-0.6262671187097397
m,5,fixe,252.0,45.0,68.95539650736661,-4.3670240001487866,1.1427870523876507,-0.5989533709253166
purple,5,fixe,324.0,72.0,68.93194409909746,3.204106658408649,-0.9643627487346588,1.209867960382952
purple,5,fixe,324.0,72.0,68.82236025678831,3.6452485027887933,-0.8085020390410169,1.2480163340914416
purple,5,fixe,324.0,72.0,68.80535819801729,3.7519166388851626,-0.7681050629069435,1.1902667742808684
purple,5,fixe,324.0,72.0,68.72446962427985,3.976349014543045,-0.7199307040977081,1.2431220244678194
purple,5,fixe,324.0,72.0,68.81183062776698,3.8950124254905925,-0.9042731738845432,1.17806668127014
purple,5,fixe,324.0,72.0,68.92808682311605,3.311874691479823,-1.0694925730327092,1.158109936686538
purple,5,fixe,324.0,72.0,68.7424423374932,3.776746843681142,-0.9163134585631384,1.2285153970348583
purple,5,fixe,324.0,72.0,68.92747906079961,3.386403104947344,-0.9983475646805003,1.2047629052814979
purple,5,fixe,324.0,72.0,68.78312703409911,3.7078562240999076,-0.9409538528617643,1.2041861100805373
purple,5,fixe,324.0,72.0,68.90162879736299,3.4225230661753274,-0.9730607219540609,1.2254888661791505
brown,5,fixe,0.0,0.0,70.59847612120132,4.661666010402267,0.07487722040924105,-0.13684317667567833
brown,5,fixe,0.0,0.0,70.37730486433978,4.783977658009756,0.07116392716297146,0.015933528892786097
brown,5,fixe,0.0,0.0,70.31284671100799,4.956855187989205,0.04823953400957435,0.006071896723041071
brown,5,fixe,0.0,0.0,70.16958462853349,4.983443906218753,0.09230726657892666,0.07253726124889255
brown,5,fixe,0.0,0.0,70.26069343422085,4.835726634586616,0.03549335689709233,0.018740346050088622
brown,5,fixe,0.0,0.0,70.49747540079956,4.578652828355314,0.03132781924251521,-0.10108577827272788
brown,5,fixe,0.0,0.0,70.18951510560898,4.739793196772608,0.08078549945126144,0.0049566857366080685
brown,5,fixe,0.0,0.0,70.46970244510683,4.628855107037157,0.049469918276477426,-0.0657446189608492
brown,5,fixe,0.0,0.0,70.24007468700677,4.731303618723005,0.06404362398346458,0.015078898510806595
brown,5,fixe,0.0,0.0,70.43099333224302,4.638509217262123,0.08773528614070512,-0.06508236380634339
pink,5,fixe,330.0,-29.999999999999996,71.08600270140795,4.6329725013322705,-0.42488956358224256,-0.5590184406835438
pink,5,fixe,330.0,-29.999999999999996,70.9157371855708,4.440089081990064,-0.4244697077432748,-0.4221846185084192
pink,5,fixe,330.0,-29.999999999999996,70.84916211822572,4.601805442751586,-0.4217103922262392,-0.40483897145799075
pink,5,fixe,330.0,-29.999999999999996,70.68224149831536,4.454793503593211,-0.3758781282338623,-0.34164221339112766
pink,5,fixe,330.0,-29.999999999999996,70.80287396105989,4.555674525300503,-0.44698487429246264,-0.4147093573109684
pink,5,fixe,330.0,-29.999999999999996,70.97907981566335,4.5881767892152965,-0.4644291262510233,-0.5460246000518965
pink,5,fixe,330.0,-29.999999999999996,70.7603885298054,4.384102255260585,-0.39146712260556826,-0.42133025289829873
pink,5,fixe,330.0,-29.999999999999996,70.97950407601684,4.48415874868663,-0.45301452983137536,-0.49764758245479074
pink,5,fixe,330.0,-29.999999999999996,70.72314349727525,4.382719042359631,-0.4224224583871114,-0.41465887795170936
pink,5,fixe,330.0,-29.999999999999996,70.91036109250076,4.453200865328724,-0.4032836412947636,-0.5062697562278913
orange,5,fixe,100.0,-25.0,71.0262581957116,-5.068939371212375,-1.3694441739353436,0.4896730201922222
orange,5,fixe,100.0,-25.0,70.69850331185506,-4.72704105633018,-1.4052631665966713,0.3799900007638268
orange,5,fixe,100.0,-25.0,70.73380421825908,-4.659916835495356,-1.446344561030602,0.3812362922972785
orange,5,fixe,100.0,-25.0,70.63415342754617,-4.672958120993419,-1.4600729236699805,0.2897814032340411
orange,5,fixe,100.0,-25.0,70.64727557563936,-4.527110219118606,-1.4175427663577216,0.35756883337140755
orange,5,fixe,100.0,-25.0,70.98799308638145,-4.924796178486772,-1.3421940726399075,0.46948768376533156
orange,5,fixe,100.0,-25.0,70.76086648263315,-4.795549675728926,-1.4081790760323913,0.39477242339535756
orange,5,fixe,100.0,-25.0,70.84063255393043,-4.865943443916084,-1.3557568986121753,0.4629682136360207
orange,5,fixe,100.0,-25.0,70.89423426287985,-4.7696211309363346,-1.3889127889527397,0.4118868652920843
orange,5,fixe,100.0,-25.0,70.89191532134413,-4.938925633021271,-1.3788736206429926,0.4280742964664196
red,5,fixe,-135.0,-52.0,71.05931464632985,-4.501499872007835,0.7068573716691611,0.8892752463669906
red,5,fixe,-135.0,-52.0,70.91433033487387,-4.208417464330823,0.74422426079285,0.8209491584475085
red,5,fixe,-135.0,-52.0,70.88486965952875,-3.9859406780774544,0.7912063683019305,0.8095501202773481
red,5,fixe,-135.0,-52.0,70.78255041920224,-3.725388616654693,0.780109078134833,0.794280627698272
red,5,fixe,-135.0,-52.0,70.84409857340543,-4.090472342748829,0.8154430067326078,0.7853464972091259
red,5,fixe,-135.0,-52.0,71.02454761505922,-4.636708429622757,0.6977512963993749,0.8874077716766523
red,5,fixe,-135.0,-52.0,70.95761691856715,-3.9761798561192236,0.7316054309389891,0.8216513873530555
red,5,fixe,-135.0,-52.0,70.95443968453579,-4.434464549996199,0.7115095374006285,0.8296568299531961
red,5,fixe,-135.0,-52.0,70.88341753559142,-4.183711573593083,0.7454118025400757,0.8099418466141791
red,5,fixe,-135.0,-52.0,70.92198464910825,-4.287853413198873,0.7062360929068926,0.8587199747280226
blue,3,fixe,270.0,-29.999999999999996,70.4707681548379,2.74509693200627,-1.6469800127445224,-0.6140733628848183
blue,3,fixe,270.0,-29.999999999999996,70.34644752597859,2.5403749099942194,-1.6093379251337454,-0.4564596574996647
blue,3,fixe,270.0,-29.999999999999996,70.30650976334896,2.5420636102467857,-1.5312162546899555,-0.4044291440918204
blue,3,fixe,270.0,-29.999999999999996,70.1980432080636,2.3323158057555293,-1.5113381884576922,-0.33364558817898465
blue,3,fixe,270.0,-29.999999999999996,70.28306686214357,2.681939101516674,-1.5609767318997783,-0.3814545169695919
blue,3,fixe,270.0,-29.999999999999996,70.42767260602194,-2.8718378228880446,1.4738826048619775,0.6050570233768129
blue,3,fixe,270.0,-29.999999999999996,70.31335487002406,2.424715016720075,-1.588945593692442,-0.41862815531923186
blue,3,fixe,270.0,-29.999999999999996,70.40270545331971,-2.7166296632034337,1.4689791519510658,0.5215607563130004
blue,3,fixe,270.0,-29.999999999999996,70.25566699338647,2.5793080331036444,-1.613912631826645,-0.4289209438603229
blue,3,fixe,270.0,-29.999999999999996,70.35657055513201,2.593864256501289,-1.6416848919892923,-0.5452550975730637
green,3,fixe,59.99999999999999,-60.00000000000001,71.07238811471095,3.1155251136615316,1.169047587354207,-1.0190870957586724
green,3,fixe,59.99999999999999,-60.00000000000001,70.82361562757116,2.6251917332128603,1.079832268423862,-0.8947894719700097
green,3,fixe,59.99999999999999,-60.00000000000001,70.81066483553715,2.627864824072058,0.9745612533242695,-0.8697094663465527
green,3,fixe,59.99999999999999,-60.00000000000001,70.68898568109196,2.501863278102931,1.0052213531787824,-0.7304469687173478
green,3,fixe,59.99999999999999,-60.00000000000001,70.74050769091511,2.489373809641511,0.9952294443959843,-0.8913578405042051
green,3,fixe,59.99999999999999,-60.00000000000001,71.0108696230797,2.967837174288358,1.1950992339808562,-1.042276108480686
green,3,fixe,59.99999999999999,-60.00000000000001,70.8053947585132,2.7004038790614127,1.0953545939876659,-0.8750347966248664
green,3,fixe,59.99999999999999,-60.00000000000001,70.9245795756814,2.8399304378857932,1.169381109390592,-1.010292338783508
green,3,fixe,59.99999999999999,-60.00000000000001,70.85190357358451,2.654400908488589,1.1036917628509995,-0.9178493003468151
green,3,fixe,59.99999999999999,-60.00000000000001,70.92521428867165,2.8992348608108363,1.168232947321159,-0.9471131888364765
c,3,fixe,36.0,45.0,69.79202138674786,1.9990438936661077,0.7644589577326801,0.5033459369543734
c,3,fixe,36.0,45.0,69.59619492607621,2.4435729430935997,0.7190190285582252,0.6759383782162195
c,3,fixe,36.0,45.0,69.58489889618835,2.5124121251175415,0.6157224970530808,0.6521643098306156
c,3,fixe,36.0,45.0,69.48745275880464,2.792687734260635,0.6816160997399426,0.727987853578905
c,3,fixe,36.0,45.0,69.55067245524312,2.4679166088931743,0.5837086773611628,0.7331077860317344
c,3,fixe,36.0,45.0,69.758841812533,1.9205501919949444,0.6894545723295543,0.600353035952397
c,3,fixe,36.0,45.0,69.52596468908358,2.38702944114222,0.69708541880945,0.6944340505861433
c,3,fixe,36.0,45.0,69.7142874177097,2.052482354388809,0.719121341952097,0.6049939418681433
c,3,fixe,36.0,45.0,69.60961855294345,2.31678592029283,0.6718457516058964,0.6926385604196638
c,3,fixe,36.0,45.0,69.71076224245711,2.1637002247973998,0.7623433534613517,0.610804938155706
y,3,fixe,108.0,-330.0,69.87143819359491,-2.5663691396825965,-1.1131908762893985,-0.18169857270366482
y,3,fixe,108.0,-330.0,69.64251971801764,-2.6655460923870495,-1.176844888826951,-0.37998690067611823
y,3,fixe,108.0,-330.0,69.66645621784319,-2.5461401193215933,-1.241866383246624,-0.41446213324880127
y,3,fixe,108.0,-330.0,69.5895654290083,-2.8120639133032883,-1.2600040009746987,-0.5090619923717067
y,3,fixe,108.0,-330.0,69.62469829591436,-2.5010690335526724,-1.1770604233540622,-0.4918701357534899
y,3,fixe,108.0,-330.0,69.863311979393,-2.471290636832502,-1.0621942154132498,-0.22870080425432032
y,3,fixe,108.0,-330.0,69.66935228347897,-2.5959861457304716,-1.1602773224372933,-0.3958055491417486
y,3,fixe,108.0,-330.0,69.77184742356498,-2.5113572305373286,-1.0878048242562288,-0.2555040075457211
y,3,fixe,108.0,-330.0,69.77065957945888,-2.5115617888800315,-1.133058281262306,-0.3655082224728137
y,3,fixe,108.0,-330.0,69.79866847004654,-2.6071689712726314,-1.1201567775934178,-0.29123729809647775
m,3,fixe,252.0,45.0,69.45326584109365,-2.4388511305698586,1.0797431176889682,-0.4882589872354412
m,3,fixe,252.0,45.0,69.3522950404204,-2.5904110441338,1.118760260315317,-0.6413541596574841
m,3,fixe,252.0,45.0,69.33653373780287,-2.6622347029521793,1.2221445847031158,-0.6692065389607328
m,3,fixe,252.0,45.0,69.26291114040609,-2.7330664588032305,1.2045461159457456,-0.7616418773396243
m,3,fixe,252.0,45.0,69.3408003460273,-2.8728710017878796,1.227656918838743,-0.6378625792735032
m,3,fixe,252.0,45.0,69.45001263071684,-2.55875647800873,1.1033670952476837,-0.44182385007564257
m,3,fixe,252.0,45.0,69.33486118021376,-2.7441390009032305,1.1443064583521527,-0.6726601881949694
m,3,fixe,252.0,45.0,69.43199623569836,-2.6128623149905734,1.0857440740612707,-0.5265460291768204
m,3,fixe,252.0,45.0,69.3146851234134,-2.7501097104492014,1.1508678585339709,-0.6129143948972529
m,3,fixe,252.0,45.0,69.4018300578815,-2.5632037378021626,1.090353113169835,-0.5585131490484392
purple,3,fixe,324.0,72.0,69.4249289194542,1.7027918273190872,-1.0660108180439736,1.2142325011343078
purple,3,fixe,324.0,72.0,69.28728283120576,2.1693751506389756,-0.8259988592112207,1.2735335332827729
purple,3,fixe,324.0,72.0,69.27275287492076,2.2818509364490747,-0.7399722136148017,1.1883807557274237
purple,3,fixe,324.0,72.0,69.18581662885293,2.51993274849841,-0.6262758872179914,1.2661922176173654
purple,3,fixe,324.0,72.0,69.2630573881878,2.405824689109574,-0.9468234008452511,1.171730130145294
purple,3,fixe,324.0,72.0,69.41033351897899,1.8021795396906195,-1.2230839130365194,1.1319142382648217
purple,3,fixe,324.0,72.0,69.23280552198732,2.2738946430581164,-0.9363109014367437,1.2530296529786893
purple,3,fixe,324.0,72.0,69.38802887964225,-1.9011115893138146,1.9965827964970462,-1.2062416946935117
purple,3,fixe,324.0,72.0,69.26763940655862,2.2065861884456597,-1.0119402301918363,1.2134249669403065
purple,3,fixe,324.0,72.0,69.36845706939582,-1.9336160962577618,-1.0579860023739462,-1.8924009222007303
brown,3,fixe,0.0,0.0,70.40807082231326,2.7278290112832586,0.09071417823891662,-0.21694306835639063
brown,3,fixe,0.0,0.0,70.21914133072198,2.814399203674129,0.08733403886845921,0.006358194732571094
brown,3,fixe,0.0,0.0,70.18259123839209,2.991914464679816,0.05297896806409696,-0.0003964420480484062
brown,3,fixe,0.0,0.0,70.05174167250416,3.0337718719492313,0.11416191486508712,0.11052286088245676
brown,3,fixe,0.0,0.0,70.13924363738428,2.8820069100024233,0.022296192605942757,0.02500477077163385
brown,3,fixe,0.0,0.0,70.34056906150408,2.6411023321405853,0.020433292798123094,-0.18129492266625089
brown,3,fixe,0.0,0.0,70.10163444148108,2.7976008323630692,0.0962440366264453,0.0035695920666255357
brown,3,fixe,0.0,0.0,70.3134317251555,2.667056963020571,0.05279049770834251,-0.1253132978639817
brown,3,fixe,0.0,0.0,70.14204231025666,2.7697799630847566,0.06544441631366386,0.001578104628352462
brown,3,fixe,0.0,0.0,70.28590010568603,2.698975801250457,0.10979258141102952,-0.11447225117445323
pink,3,fixe,330.0,-29.999999999999996,70.70794437688542,2.7894293224358715,-0.4268170679094076,-0.6454261788041042
pink,3,fixe,330.0,-29.999999999999996,70.53996119976264,2.5972922495114403,-0.4182229611224188,-0.440775856322494
pink,3,fixe,330.0,-29.999999999999996,70.48798522881738,2.7529754304740286,-0.4138725125957283,-0.3952224374952701
pink,3,fixe,330.0,-29.999999999999996,70.3593945929061,2.6185761348514998,-0.34509929123120936,-0.30132392666686314
pink,3,fixe,330.0,-29.999999999999996,70.44536602152856,2.7071783990249534,-0.4669563611414813,-0.39417409946195847
pink,3,fixe,330.0,-29.999999999999996,70.63630478778842,2.7677432696171396,-0.49995922634430434,-0.6294460720787242
pink,3,fixe,330.0,-29.999999999999996,70.44176305683199,2.561953890812479,-0.38397071907762953,-0.4301479002883664
pink,3,fixe,330.0,-29.999999999999996,70.61220821343885,2.6471367659713696,-0.47668276714583874,-0.5632897420615497
pink,3,fixe,330.0,-29.999999999999996,70.43051115540197,2.575089245444313,-0.4350730551669295,-0.4361037637387961
pink,3,fixe,330.0,-29.999999999999996,70.57169830948224,2.6265073275342123,-0.40064917873151495,-0.5676029272706573
orange,3,fixe,100.0,-25.0,70.68826361267578,-3.1945482778629923,-1.3338216582083762,0.5493522001740437
orange,3,fixe,100.0,-25.0,70.41696956585089,-2.8777098608810623,-1.388315492494375,0.38349523647404454
orange,3,fixe,100.0,-25.0,70.43358366597776,-2.790060819048188,-1.455480730374457,0.3814945945860965
orange,3,fixe,100.0,-25.0,70.33505914986142,-2.8210288878130965,-1.4741547954930116,0.2441155710472467
orange,3,fixe,100.0,-25.0,70.36704203451598,-2.6463332850869064,-1.4103632090989144,0.3535031202239429
orange,3,fixe,100.0,-25.0,70.65050705279424,-3.06001767330744,-1.2934666433345423,0.5321998321823803
orange,3,fixe,100.0,-25.0,70.44719452913496,-2.9039084271227016,-1.3935477658093123,0.3908150924746858
orange,3,fixe,100.0,-25.0,70.53963006070708,-2.9996945660721743,-1.3112709367347732,0.5045644620901355
orange,3,fixe,100.0,-25.0,70.53704251880475,-2.8680036331517664,-1.3639218271102118,0.4235858080422888
orange,3,fixe,100.0,-25.0,70.56603786229712,-3.060879384476036,-1.347946170649745,0.457720220437339
red,3,fixe,-135.0,-52.0,70.70489006071058,-2.8956602582928452,0.6484557310045272,0.9241347552782376
red,3,fixe,-135.0,-52.0,70.53967074298143,-2.51841182207366,0.706163994394243,0.8214922678935056
red,3,fixe,-135.0,-52.0,70.52333024821836,-2.35495802677155,0.7961723320277218,0.8155455508448727
red,3,fixe,-135.0,-52.0,70.42258538018172,-2.082304264006731,0.7613345983314349,0.775408994689623
red,3,fixe,-135.0,-52.0,70.48541005448887,-2.445101265599547,0.8300611655082692,0.7619436630683476
red,3,fixe,-135.0,-52.0,70.67274772123886,-3.0010629196932523,0.6596383754473656,0.9044925276720556
red,3,fixe,-135.0,-52.0,70.56503171691203,-2.3736055981633752,0.6949781208086527,0.8173363936562565
red,3,fixe,-135.0,-52.0,70.6074225319865,-2.8130903693999523,0.6695413048564373,0.8400813347783394
red,3,fixe,-135.0,-52.0,70.53099752047713,-2.5525458259324885,0.7217228841437415,0.8041099525436939
red,3,fixe,-135.0,-52.0,70.58505533178563,-2.679587390959123,0.6480847429363928,0.8756677495718628
blue,1,fixe,270.0,-29.999999999999996,70.28320034043459,-1.1512084876897597,1.242454902210759,0.9038920250040756
blue,1,fixe,270.0,-29.999999999999996,70.12106894401177,-0.8126630033579568,1.4036065798748663,0.5298529358538147
blue,1,fixe,270.0,-29.999999999999996,70.10101211886641,0.8289069304502297,-1.4809044929085775,-0.40615005870691173
blue,1,fixe,270.0,-29.999999999999996,70.000004059024,0.6289901244595492,-1.4201181464053025,-0.0808757330987137
blue,1,fixe,270.0,-29.999999999999996,70.07009149220205,0.9521466533257746,-1.581371451192734,-0.2921400630154841
blue,1,fixe,270.0,-29.999999999999996,70.24963597221274,-1.2453984433599008,1.2301307384704032,0.8096915493141899
blue,1,fixe,270.0,-29.999999999999996,70.09999545954089,-0.7560186463984926,1.438672838723303,0.44514494887361805
blue,1,fixe,270.0,-29.999999999999996,70.20319164245856,-1.0796073877704415,1.2290802769203677,0.6960889026461784
blue,1,fixe,270.0,-29.999999999999996,70.09813978821123,-0.8985641713250366,1.39245643625182,0.4752604125477163
blue,1,fixe,270.0,-29.999999999999996,70.18123487592224,-0.9503300764035281,1.2598340588514116,0.7551785090110517
green,1,fixe,59.99999999999999,-60.00000000000001,70.48003679830569,1.3768799770674847,1.504746568538165,-1.145068824029978
green,1,fixe,59.99999999999999,-60.00000000000001,70.27716910115801,0.9128467730330099,1.2714043059709808,-0.8965707391072271
green,1,fixe,59.99999999999999,-60.00000000000001,70.26601101048709,0.8858989963797628,0.9377018999544994,-0.8329452511697905
green,1,fixe,59.99999999999999,-60.00000000000001,70.16099239378842,0.8149409113600998,1.0279843534450328,-0.439003438544597
green,1,fixe,59.99999999999999,-60.00000000000001,70.2194469162942,0.7259655023823424,0.9224525589082511,-0.924081263790575
green,1,fixe,59.99999999999999,-60.00000000000001,70.44038971630563,1.2789602160283249,-1.5005817717868117,-1.9167340005824829
green,1,fixe,59.99999999999999,-60.00000000000001,70.26064621200831,0.905620421102967,1.2558502172398713,-0.8497413166237395
green,1,fixe,59.99999999999999,-60.00000000000001,70.37388414494485,1.131883825416947,1.5782119579365133,-1.154879705961343
green,1,fixe,59.99999999999999,-60.00000000000001,70.29345907526721,0.8932560156151867,1.2956593653677526,-0.9957899816245804
green,1,fixe,59.99999999999999,-60.00000000000001,70.36701197027433,1.146481849711573,1.4717646917711622,-1.025409736774177
c,1,fixe,36.0,45.0,70.05632347200026,0.5401636206981848,1.084804917588554,-0.09917377999524293
c,1,fixe,36.0,45.0,69.87069683042357,0.7848116426202463,0.8902887262491606,0.648905229352318
c,1,fixe,36.0,45.0,69.86020023896629,0.8782731678596992,0.6048097925134351,0.6291296220757726
c,1,fixe,36.0,45.0,69.76277453738113,1.156234764246142,0.7481366932338367,0.7956027319711718
c,1,fixe,36.0,45.0,69.82585299559994,0.8264227837822078,0.4748642954561848,0.8325464036745215
c,1,fixe,36.0,45.0,70.02581697825953,0.36944759744076944,1.0003915001206591,0.02120439859521525
c,1,fixe,36.0,45.0,69.83716848440933,0.7913787409264128,0.8548883326717392,0.7078218852143093
c,1,fixe,36.0,45.0,69.97374272597762,0.460053229666016,1.0190718374623862,0.33229966538287853
c,1,fixe,36.0,45.0,69.88249647766115,0.67558936746194,0.7916659050621727,0.7108638328743343
c,1,fixe,36.0,45.0,69.96559017109426,0.5960856158832577,1.0637414783874417,0.36451568417152364
y,1,fixe,108.0,-330.0,70.08288124288802,-1.0144061938241942,-0.9871835273830621,0.2210745796703221
y,1,fixe,108.0,-330.0,69.88598858531921,-0.9686432949329937,-1.1162878796906397,-0.30671533257917344
y,1,fixe,108.0,-330.0,69.88739400392409,-0.8577844879554817,-1.2933185390222266,-0.4177628270950046
y,1,fixe,108.0,-330.0,69.79686762156898,-1.1280801352471823,-1.3495270358898386,-0.6258245863284131
y,1,fixe,108.0,-330.0,69.85009420797053,-0.8062610091942317,-1.104227512818298,-0.5958742898317658
y,1,fixe,108.0,-330.0,70.06101327682285,-0.9210430736440138,-0.8424715601306907,0.18540288745024322
y,1,fixe,108.0,-330.0,69.88499720322147,-0.948441932666171,-1.1074708358829757,-0.3628203366238863
y,1,fixe,108.0,-330.0,69.9927460282895,-0.9198501518986664,-0.8951814109019249,0.031675700302079425
y,1,fixe,108.0,-330.0,69.93616067998342,-0.8644256167654267,-1.0103777140737622,-0.28703808522527346
y,1,fixe,108.0,-330.0,69.99464909676342,-0.9799923528802207,-1.007256724240763,-0.04803331735849514
m,1,fixe,252.0,45.0,69.94144073454,-0.7654956436170768,0.8367116453978741,-0.010468843293194679
m,1,fixe,252.0,45.0,69.78786361637157,-0.8372388486332067,0.9621060043514695,-0.6129937515881988
m,1,fixe,252.0,45.0,69.77569960419933,-0.8750540015583745,1.2661147324327868,-0.6944661284486917
m,1,fixe,252.0,45.0,69.68449376314285,-1.0002625910596312,1.2164151534278227,-0.9954073348840704
m,1,fixe,252.0,45.0,69.75337411394077,-1.0686233168904122,1.2410493229721715,-0.6350084564910174
m,1,fixe,252.0,45.0,69.92108166066012,-0.9123214578969389,0.9102339197081534,-0.013227144789954754
m,1,fixe,252.0,45.0,69.77160789131364,-0.9101520098018806,1.011285571050845,-0.6863955305021183
m,1,fixe,252.0,45.0,69.87739619322697,-0.8919016475000581,0.8853749703181943,-0.22671635243314853
m,1,fixe,252.0,45.0,69.78327573433246,-0.94070710520497,1.0343552966340657,-0.5283393410916495
m,1,fixe,252.0,45.0,69.86013679175211,-0.7972647467009883,0.8557770583078207,-0.3244718010983984
purple,1,fixe,324.0,72.0,69.93233353808183,-0.2082575011280344,0.9533858658696883,-0.8969088908528989
purple,1,fixe,324.0,72.0,69.76660236636052,-0.670263920824893,-1.0111795368911864,-1.7339960478897791
purple,1,fixe,324.0,72.0,69.75459774199285,0.7816902956778851,-0.6152705599614878,1.1700446876029857
purple,1,fixe,324.0,72.0,69.66123375521116,1.0452149034451026,-0.1483161552612608,1.3200855587589704
purple,1,fixe,324.0,72.0,69.72860166898998,0.8891539414425652,-1.1163459167748249,1.1319381384796576
purple,1,fixe,324.0,72.0,69.90834927277558,-0.35419193308704966,1.1438070126874031,-0.5859447368163804
purple,1,fixe,324.0,72.0,69.73791623417213,-0.7460023259294867,-1.1152346041109908,-1.7714565162047602
purple,1,fixe,324.0,72.0,69.86315400756698,-0.4282229302844364,1.1142085032846165,-0.9952900324781961
purple,1,fixe,324.0,72.0,69.76696701171115,-0.6825289074729173,1.7017926032420387,-1.2269486699570689
purple,1,fixe,324.0,72.0,69.84976075995779,-0.4335130892275564,1.059504992274917,-1.295338359339275
brown,1,fixe,0.0,0.0,70.26016666631635,0.9252623511202671,0.2089126762769912,-0.6697919162134258
brown,1,fixe,0.0,0.0,70.07691525990417,0.8584617630007535,0.1727278095203879,-0.03945586359477236
brown,1,fixe,0.0,0.0,70.0557722816247,1.0346695642798809,0.06799243257368633,0.00999257149302547
brown,1,fixe,0.0,0.0,69.94940703813653,1.1165972068685954,0.2118259077110193,0.28480079988685425
brown,1,fixe,0.0,0.0,70.01793117089333,0.9477699775746357,-0.0690227759037691,0.0891237613288699
brown,1,fixe,0.0,0.0,70.21828824406039,0.8329750848311439,-0.012739848983140874,-0.6692226336311928
brown,1,fixe,0.0,0.0,70.0278165496995,0.8636742399154405,0.17402042640716325,0.005028932815246096
brown,1,fixe,0.0,0.0,70.17153283632703,0.7687762241885251,0.06656792559589485,-0.4781595466912234
brown,1,fixe,0.0,0.0,70.0586500655946,0.8157891983976202,0.06571829020560177,-0.06755437167083027
brown,1,fixe,0.0,0.0,70.15574765856095,0.8087279736406046,0.23666402537973127,-0.38983593932295696
pink,1,fixe,330.0,-29.999999999999996,70.3595506091908,1.085084020920566,-0.44287376082310415,-1.0372312171742766
pink,1,fixe,330.0,-29.999999999999996,70.18309442245402,0.7845579896070681,-0.3823867111520856,-0.5427575677757451
pink,1,fixe,330.0,-29.999999999999996,70.15917333100491,0.9360604353958665,-0.3783492379919472,-0.37816870613327824
pink,1,fixe,330.0,-29.999999999999996,70.05168225141028,0.8495522975140624,-0.2013964378008535,-0.06355986837164439
pink,1,fixe,330.0,-29.999999999999996,70.12192807559134,0.9013930475027503,-0.5649445118566354,-0.3233775964898205
pink,1,fixe,330.0,-29.999999999999996,70.31623175777939,1.070045926651325,-0.7163141843959698,-0.9950315254882862
pink,1,fixe,330.0,-29.999999999999996,70.1402951521147,0.7644317447107541,-0.3453178835627908,-0.47802286383075915
pink,1,fixe,330.0,-29.999999999999996,70.27050161670145,0.913140238743749,-0.6394327301351246,-0.8915232407044199
pink,1,fixe,330.0,-29.999999999999996,70.15439638557777,0.797471415361902,-0.5113437183188971,-0.5476943605248789
pink,1,fixe,330.0,-29.999999999999996,70.24996510306302,0.8719538165802204,-0.38653931567127137,-0.8777489590529279
orange,1,fixe,100.0,-25.0,70.35376207846872,-1.3838363625280372,-1.1862534796078694,0.737054158426315
orange,1,fixe,100.0,-25.0,70.14438961729682,-1.0460847465912422,-1.3117450506370416,0.3893617133953868
orange,1,fixe,100.0,-25.0,70.14275893733901,-0.9359001801595597,-1.501071761497198,0.3724517308373285
orange,1,fixe,100.0,-25.0,70.04525816594489,-1.0152047014548462,-1.5349197889345958,0.02393440888674915
orange,1,fixe,100.0,-25.0,70.09738036679408,-0.782327133978604,-1.3690326454326973,0.3210671227873573
orange,1,fixe,100.0,-25.0,70.32286687384072,-1.2761560551329743,-1.065005972360832,0.7546755949033611
orange,1,fixe,100.0,-25.0,70.14361174823048,-1.0307449457911702,-1.326065763681838,0.36249600655043285
orange,1,fixe,100.0,-25.0,70.24821140077107,-1.1861860412681071,-1.1055085381458916,0.6574386006852121
orange,1,fixe,100.0,-25.0,70.1910599965996,-0.9931769544031893,-1.2427119290127977,0.4670849492507112
orange,1,fixe,100.0,-25.0,70.25006207942081,-1.2194464579985227,-1.2130922736457044,0.5659761281384523
red,1,fixe,-135.0,-52.0,70.36043365787563,-1.3364673255441621,0.41543050365779977,1.0260195122748161
red,1,fixe,-135.0,-52.0,70.18473904139161,-0.8843639895654716,0.5282869821515058,0.8222139123961679
red,1,fixe,-135.0,-52.0,70.17215007259765,-0.7480783926263401,0.8279719746772772,0.8462162269227042
red,1,fixe,-135.0,-52.0,70.07418086626117,-0.47142584517745695,0.6420446395569027,0.6297177970970949
red,1,fixe,-135.0,-52.0,70.13681354130361,-0.8297335960144181,0.8971809859577943,0.6464153025693121
red,1,fixe,-135.0,-52.0,70.33037533515464,-1.3944582251285267,0.5251122742184112,0.9550648748603879
red,1,fixe,-135.0,-52.0,70.18261521248348,-0.8029056869134189,0.5272674210858976,0.7875832985823384
red,1,fixe,-135.0,-52.0,70.27094575733157,-1.2226350709145193,0.5146262417293489,0.8705198847658149
red,1,fixe,-135.0,-52.0,70.18939649544355,-0.9469263468752686,0.6246775510264553,0.7760868325568573
red,1,fixe,-135.0,-52.0,70.25681490396117,-1.108583872290286,0.4098924638065824,0.9236465366869554
